x	z	floorY
-570	-411	63
-570	-410	63
-570	-409	63
-570	-408	63
-570	-407	63
-570	-406	63
-570	-405	63
-570	-404	63
-570	-403	63
-570	-402	63
-570	-401	63
-570	-400	63
-570	-399	63
-570	-398	63
-570	-397	63
-570	-396	63
-570	-395	63
-570	-394	63
-570	-393	63
-570	-392	63
-570	-391	63
-570	-390	63
-570	-389	63
-570	-388	63
-570	-387	63
-570	-386	64
-571	-386	64
-572	-386	64
-573	-386	64
-574	-386	64
-575	-386	64
-575	-385	64
-575	-384	64
-575	-383	64
-575	-382	64
-575	-381	64
-575	-380	64
-575	-379	64
-575	-378	64
-575	-377	64
-575	-376	64
-575	-375	64
-575	-374	64
-575	-373	64
-575	-372	64
-575	-371	64
-575	-370	64
-575	-369	64
-575	-368	64
-575	-367	64
-575	-366	64
-575	-365	64
-575	-364	64
-575	-363	64
-575	-362	64
-575	-361	64
-575	-360	64
-575	-359	64
-575	-358	64
-575	-357	65
-576	-357	65
-577	-357	65
-578	-357	66
-579	-357	66
-580	-357	66
-581	-357	67
-582	-357	67
-583	-357	67
-584	-357	68
-585	-357	68
-586	-357	68
-587	-357	69
-588	-357	69
-589	-357	69
-590	-357	70
-590	-356	70
-590	-355	71
-590	-354	72
-590	-353	72
-590	-352	73
-590	-351	74
-590	-350	75
-590	-349	75
-590	-348	76
-590	-347	77
-590	-346	77
-590	-345	78
-590	-344	79
-590	-343	80
-590	-342	80
-590	-341	81
-590	-340	82
-590	-339	82
-590	-338	83
-590	-337	84
-590	-336	85
-590	-335	85
-590	-334	86
-590	-333	87
-590	-332	87
-590	-331	88
-590	-330	89
-590	-329	90
